name,value,color,percent
2007scape,151285,red,0.007521878
AdviceAnimals,368834,orange,0.018338396
anime,231368,green,0.011503598
AskReddit,4713178,purple,0.234338823
aww,154292,aliceblue,0.007671386
baseball,103594,gold,0.005150685
BigBrother,2633,black,0.000130913
buildapc,153056,yellow,0.007609932
CFB,374885,yellowgreen,0.018639251
DestinyTheGame,32125,whitesmoke,0.001597252
DotA2,368011,white,0.018297477
fantasyfootball,25106,violet,0.001248268
Fitness,169802,turqoise,0.008442541
friendsafari,71685,tomato,0.003564172
funny,768741,thistle,0.038221739
Games,143260,teal,0.007122875
gaming,356731,tan,0.017736636
gifs,338767,steelblue,0.016843467
GlobalOffensive,540139,springgreen,0.026855667
GlobalOffensiveTrade,373717,snow,0.018581179
hearthstone,206463,silver,0.010265323
hiphopheads,186635,sienna,0.009279477
jailbreak,58302,seashell,0.002898771
leagueoflegends,971559,seagreen,0.048305834
MMA,258384,saddlebrown,0.012846831
movies,482486,royalblue,0.023989164
nba,598277,rosybrown,0.029746283
news,719681,rebeccapurple,0.03578248
nfl,1171710,powderblue,0.058257325
NoMansSkyTheGame,6213,plum,0.00030891
olympics,267,papayawhip,1.33E-05
Overwatch,16542,orangered,0.000822467
pcmasterrace,502887,mistyrose,0.0250035
pics,613093,mediumslateblue,0.030482934
pokemon,63586,mediumorchid,0.003161491
pokemongo,8863,maroon,0.000440668
pokemontrades,82566,lightseagreen,0.004105175
politics,763624,indianred,0.037967322
relationships,337561,greenyellow,0.016783505
Showerthoughts,243884,ghostwhite,0.012125892
soccer,427877,darkolivegreen,0.021274009
SquaredCircle,452074,darkkhaki,0.022477082
stevenuniverse,113162,darkgoldenrod,0.005626405
The_Donald,41817,crimson,0.002079138
TheSilphRoad,1754,cornflowerblue,8.72E-05
todayilearned,544666,coral,0.027080749
videos,576550,chocolate,0.028666019
worldnews,765477,cadetblue,0.038059453
wow,136385,burlywood,0.006781051
WTF,319110,blanchedalmond,0.015866123
